[
    {
        "Id": "SDS.notice1",
        "GroupId": "SDS.notice1",
        "Title": "Ricehit Team Notice",
        "Text": "We sincerely thank everyone for your enthusiasm for SDS. The production team would like to extend our heartfelt thanks. Your passion has motivated us to continuously improve and refine this mod for a better experience. ^We plan to present a unique gift to the players who have supported us. ^1. Players who have supported our production team can receive a unique storyline and couple outfits related to your favorite characters in the game. (For players who bought from Taobao, please contact customer service, or visit Afdian Ricehit for more details) ^2. We provide three special post-marriage storylines for each marriageable character for players pursuing special post-marriage content. (Released on Afdian Ricehit) ^3. For the latest updates, you can join Group 1: 1107606553 or Group 2: 528688725 (If you don't want to join the group, specific news can be obtained from Bilibili 'Ricehit').",
        "Date": "1 spring Y1",
        "LetterBG": "SDS.letterBG.png",
        "WhichBG": 3,
        "TextColor": -1,
        "UpperRightCloseButton": null
    },
    {
        "Id": "SDS.notice2",
        "GroupId": "SDS.notice2",
        "Title": "Ricehit Team Notice 2",
        "Text": "[1] This work has applied for copyright, all rights belong to the Ricehit team, and violators will be prosecuted. ^[2] All authorizations within the mod belong to the Ricehit team, and authorizations from other personnel are invalid. ^[3] All intellectual property within the mod (including but not limited to images, texts, and code) belongs to the team. ^[4] Regarding unauthorized distribution and modifications, I will explain why I oppose it: Unauthorized distribution or modification of this mod without the author's permission to gain popularity. ^[5] We support secondary creations, including imitation, adaptation, reference, and further development. Secondary creation is not about plagiarizing others' works and claiming them as your own; on the contrary, secondary creation is about clearly using a certain work/project/character as a basis for adaptation, imitation, or further development. ^[6] The mod itself is released for free; if you unfortunately paid for it, please contact the seller for a refund; you can also send screenshots of the order and shop information to our team. ^[7] For those who do not comply with this statement or use this content illegally, our team reserves the right to pursue legal action.",
        "Date": "1 spring Y1",
        "LetterBG": "SDS.letterBG.png",
        "WhichBG": 3,
        "TextColor": -1,
        "UpperRightCloseButton": null
    },
    {
        "Id": "SDS.notice5",
        "GroupId": "SDS.notice5",
        "Title": "Ricehit Team Notice 5",
        "Text": "SDS related DLC has been released on Afdian ^(Ricehit) Afdian link: https://afdian.com/a/1928309601_",
        "Date": "1 spring Y1",
        "LetterBG": "SDS.letterBG.png",
        "WhichBG": 3,
        "TextColor": -1,
        "UpperRightCloseButton": null
    },
    {
        "Id": "SDS.present1",
        "GroupId": "SDS.present1",
        "Title": "Lucas's Strawberry Macarons",
        "Text": "Lucas: ^This is a letter to my most admired little farmer. ^You seem to cook often, this recipe is from my hired pastry chef. It doesn't mean much to me, but you might like it? ^Of course, if you want to give it to me first after making it, sweetheart, I will be expecting you.",
        "LetterBG": "SDS.letterBG.png",
        "WhichBG": 0,
        "TextColor": 8,
        "UpperRightCloseButton": null,
        "FriendshipConditions": [
            {
                "NpcName": "Lucas",
                "FriendshipLevel": 5
            }
        ],
        "Attachments": [
            {
                "Type": "Object",
                "Name": "SDS_StrawberrymacaronRecipe",
                "Index": 78,
                "Stack": 1
            }
        ]
    },
    {
        "Id": "SDS.present2",
        "GroupId": "SDS.present2",
        "Title": "Lucas's Blueberry Black Forest Cake",
        "Text": "Lucas: ^Am I the first letter you received today, dear? ^You seem to cook often, this recipe is from my hired pastry chef. It doesn't mean much to me, but you might like it? ^Maybe you can record a video and upload it online; many people might want to recreate it. ^Remember to come find me.",
        "LetterBG": "SDS.letterBG.png",
        "WhichBG": 0,
        "TextColor": 8,
        "UpperRightCloseButton": null,
        "FriendshipConditions": [
            {
                "NpcName": "Lucas",
                "FriendshipLevel": 2
            }
        ],
        "Attachments": [
            {
                "Type": "Object",
                "Name": "SDS_BlueberryBlackForestCakeRecipe",
                "Index": 78,
                "Stack": 1
            }
        ]
    },
    {
        "Id": "SDS.present3",
        "GroupId": "SDS.present3",
        "Title": "Uriel's Rhombic Biscuits",
        "Text": "Uriel: ^Maria and Raymond gave me this recipe, it doesn't mean much to me, so I'm sending it to you. ^Angels don't need these extra things, but as a human farmer, these little biscuits might be good for you to keep around. ^If you bring them to the church, the kids there might also be interested.",
        "LetterBG": "SDS.letterBG.png",
        "WhichBG": 0,
        "TextColor": 8,
        "UpperRightCloseButton": null,
        "FriendshipConditions": [
            {
                "NpcName": "Uriel",
                "FriendshipLevel": 4
            }
        ],
        "Attachments": [
            {
                "Type": "Object",
                "Name": "SDS_RhombicbiscuitRecipe",
                "Index": 78,
                "Stack": 1
            }
        ]
    },
    {
        "Id": "SDS.present4",
        "GroupId": "SDS.present4",
        "Title": "Rane's Glutinous Rice Cake",
        "Text": "Rane: ^Ah, this is a recipe~ ^Surprised? Never tried it, right? Hurry and make it, of course, you must bring us a portion as a gift, that's only fair~ ^So what are you waiting for? Hope it appears in front of me today. ^To make us happily accept it, you must make it seriously~",
        "LetterBG": "SDS.letterBG.png",
        "WhichBG": 0,
        "TextColor": 8,
        "UpperRightCloseButton": null,
        "FriendshipConditions": [
            {
                "NpcName": "Rane",
                "FriendshipLevel": 2
            }
        ],
        "Attachments": [
            {
                "Type": "Object",
                "Name": "SDS_GlutinousricecakeRecipe",
                "Index": 78,
                "Stack": 1
            }
        ]
    },
    {
        "Id": "SDS.present5",
        "GroupId": "SDS.present5",
        "Title": "Lane's Vanilla Orange Cake",
        "Text": "Lane: ^Ah, how is the guest feeling today? Even if you're not happy, you should start being happy now. ^Here is a super wonderful recipe prepared for my new star customer! Hmph, this is an exclusive secret recipe~ ^I believe a friendly guest will understand how to maintain a friendly merchant relationship, right? ^Yes, that means you have to remember to bring me some after you make it. One portion is definitely not enough, you should understand this already, right? ^That's all, you must make it very carefully, bad-tasting food will damage our precious friendship!",
        "LetterBG": "SDS.letterBG.png",
        "WhichBG": 0,
        "TextColor": 8,
        "UpperRightCloseButton": null,
        "FriendshipConditions": [
            {
                "NpcName": "Lane",
                "FriendshipLevel": 2
            }
        ],
        "Attachments": [
            {
                "Type": "Object",
                "Name": "SDS_VanillaOrangeCakeRecipe",
                "Index": 78,
                "Stack": 1
            }
        ]
    },
    {
        "Id": "SDS.present6",
        "GroupId": "SDS.present6",
        "Title": "Raymond's Winter Star Cake",
        "Text": "Raymond: ^Good child, I hope you feel happy today. ^I have attached a recipe for you, it is a cake suitable for the Winter Star Festival, although that was from my childhood, people’s lives are getting better now, make one for yourself whenever you want, and I wish you good health. I will pray for good luck to come to you, child.",
        "WhichBG": 0,
        "TextColor": 8,
        "UpperRightCloseButton": null,
        "FriendshipConditions": [
            {
                "NpcName": "Raymond",
                "FriendshipLevel": 4
            }
        ],
        "Attachments": [
            {
                "Type": "Object",
                "Name": "SDS_WinterStarCakeRecipe",
                "Index": 78,
                "Stack": 1
            }
        ]
    },
    {
        "Id": "SDS.present7",
        "GroupId": "SDS.present7",
        "Title": "Albert's Lemonade",
        "Text": "Hello! ^Sincerely thank you for your contributions to everyone at the church. This is a gift we bought for you with our own money, please accept it! ^In addition, to express our gratitude, we have attached a secret lemonade recipe from a small stall, it's absolutely exclusive~",
        "WhichBG": 0,
        "TextColor": 8,
        "UpperRightCloseButton": null,
        "FriendshipConditions": [
            {
                "NpcName": "Albert",
                "FriendshipLevel": 6
            }
        ],
        "Recipe": "SDS_Specialchurchlemonade"
    },
    {
        "Id": "SDS.present8",
        "GroupId": "SDS.present8",
        "Title": "Material Merchant's Demon Fish Feast",
        "Text": "Hello human. ^This is a treasured recipe of mine that makes any fish taste super delicious. I'm giving it to you as a reward for frequently finding rare materials. Keep up the good work, meow. ^— The Great Ranger Material Merchant",
        "WhichBG": 0,
        "TextColor": 8,
        "UpperRightCloseButton": null,
        "FriendshipConditions": [
            {
                "NpcName": "Meowth",
                "FriendshipLevel": 8
            }
        ],
        "Recipe": "SDS_Demonfishfeast"
    },
    {
        "Id": "SDS.present9",
        "GroupId": "SDS.present9",
        "Title": "Theodor's Mushroom Sea Snake Soup Recipe",
        "Text": "Farmer. ^I admit that at first, I didn't think much of you. I only helped you because of the snake's scales, but I found that you are different from other humans. I apologize for my previous arrogance. ^This is my homemade recipe, it's very nutritious, so take care of yourself. See you. ^— Theodor",
        "WhichBG": 0,
        "TextColor": 8,
        "UpperRightCloseButton": null,
        "FriendshipConditions": [
            {
                "NpcName": "Theodor",
                "FriendshipLevel": 10
            }
        ],
        "Recipe": "SDS_Mushroomseasnakesoup"
    },
    {
        "Id": "SDS.present10",
        "GroupId": "SDS.present10",
        "Title": "Wim's Cheese Golden Shrimp Balls Recipe",
        "Text": "I am very happy to correspond with you. ^Recently, I created a great dish filled with deep love for Ms. Zhenya—Cheese Golden Shrimp Balls. ^As someone who has helped and witnessed our love, you should also taste this wonderful flavor. Attached is its recipe. ^I hope you like it and look forward to seeing you next time. ^— Wim",
        "WhichBG": 0,
        "TextColor": 8,
        "UpperRightCloseButton": null,
        "FriendshipConditions": [
            {
                "NpcName": "Wim",
                "FriendshipLevel": 8
            }
        ],
        "Recipe": "SDS_Goldshrimpballswithcheese"
    },
    {
        "Id": "SDS.Untitled41",
        "GroupId": "SDS.Untitled41",
        "Title": "Main Body Advertisement",
        "Text": "^Sexually indifferent to playing Seven Sins ^Are you still troubled by not being able to get up? ^Are you still disappointed by lack of interest? ^Come and play Seven Sins!! ^Domineering CEO, little octopus, military officer, angel ^All kinds of men for you to choose from ^Contact: https://www.nexusmods.com/stardewvalley/mods/15100 ^What are you waiting for? Download it now!",
        "Date": "2 spring Y1",
        "LetterBG": "SDS.letterBG.png",
        "WhichBG": 1,
        "TextColor": 8,
        "UpperRightCloseButton": null
    },
    {
        "Id": "SDS.Untitled1",
        "GroupId": "SDS.Untitled1",
        "Title": "Untitled Notes First Issue",
        "Text": "^Untitled Notes First Issue ^The rose season is dead, the sunset has sunk. ^You know, the love in the soil never dissipates, we will become entangled in quantum state, eternal in time and space. ^The rose withered, no one saw it bloom. ^— ^Dear Reader, ^Hello, this is your old friend, the keeper of untitled notes. ^I have attached a very special letter for you. ^Please don't forget to check your mailbox. I will send you more untitled notes in the future, so please look forward to it. ^Best regards, ^Untitled Notes Keeper.",
        "Date": "4 summer Y1",
        "LetterBG": "SDS.letterBG.png",
        "WhichBG": 1,
        "TextColor": 8,
        "UpperRightCloseButton": null
    },
    {
        "Id": "SDS.Untitled2",
        "GroupId": "SDS.Untitled2",
        "Title": "Untitled Notes Second Issue",
        "Text": "^Untitled Notes Second Issue ^The night is silent, the moon is bright. ^You know, the stars in the sky are always watching us, we will become one in the vast universe, forever shining. ^The moon is full, no one saw its waning. ^— ^Dear Reader, ^Hello, your old friend, the keeper of untitled notes is back. ^I have attached another special letter for you. ^Don't forget to check your mailbox. I will continue to send you untitled notes in the future, so please look forward to it. ^Best regards, ^Untitled Notes Keeper.",
        "Date": "10 summer Y1",
        "LetterBG": "SDS.letterBG.png",
        "WhichBG": 1,
        "TextColor": 8,
        "UpperRightCloseButton": null
    },
    {
        "Id": "SDS.Untitled3",
        "GroupId": "SDS.Untitled3",
        "Title": "Untitled Notes Third Issue",
        "Text": "^Untitled Notes Third Issue ^The rain has stopped, the sky is clear. ^You know, the clouds in the sky never really disappear, we will become one with the sky, forever drifting. ^The sun has risen, no one saw it set. ^— ^Dear Reader, ^Hello, this is your old friend, the keeper of untitled notes. ^I have attached yet another special letter for you. ^Please don't forget to check your mailbox. I will continue to send you untitled notes in the future, so please look forward to it. ^Best regards, ^Untitled Notes Keeper.",
        "Date": "16 summer Y1",
        "LetterBG": "SDS.letterBG.png",
        "WhichBG": 1,
        "TextColor": 8,
        "UpperRightCloseButton": null
    },
    {
        "Id": "SDS.Untitled4",
        "GroupId": "SDS.Untitled4",
        "Title": "Untitled Notes Fourth Issue",
        "Text": "^Untitled Notes Fourth Issue ^The wind is blowing, the leaves are falling. ^You know, the trees in the forest never really die, we will become one with the forest, forever growing. ^The branches are bare, no one saw the leaves fall. ^— ^Dear Reader, ^Hello, this is your old friend, the keeper of untitled notes. ^I have attached another special letter for you. ^Please don't forget to check your mailbox. I will continue to send you untitled notes in the future, so please look forward to it. ^Best regards, ^Untitled Notes Keeper.",
        "Date": "22 summer Y1",
        "LetterBG": "SDS.letterBG.png",
        "WhichBG": 1,
        "TextColor": 8,
        "UpperRightCloseButton": null
    },
    {
        "Id": "SDS.Untitled5",
        "GroupId": "SDS.Untitled5",
        "Title": "Untitled Notes Fifth Issue",
        "Text": "^Untitled Notes Fifth Issue ^The fire is burning, the smoke is rising. ^You know, the flames in the hearth never really die, we will become one with the fire, forever warming. ^The embers are cold, no one saw the fire die. ^— ^Dear Reader, ^Hello, this is your old friend, the keeper of untitled notes. ^I have attached yet another special letter for you. ^Please don't forget to check your mailbox. I will continue to send you untitled notes in the future, so please look forward to it. ^Best regards, ^Untitled Notes Keeper.",
        "Date": "28 summer Y1",
        "LetterBG": "SDS.letterBG.png",
        "WhichBG": 1,
        "TextColor": 8,
        "UpperRightCloseButton": null
    },
    {
        "Id": "SDS.Untitled6",
        "GroupId": "SDS.Untitled6",
        "Title": "Untitled Notes Sixth Issue",
        "Text": "^Untitled Notes Sixth Issue ^The river is flowing, the water is clear. ^You know, the streams in the valleys never really dry up, we will become one with the water, forever flowing. ^The riverbed is dry, no one saw the water fade away. ^— ^Dear Reader, ^Hello, this is your old friend, the keeper of untitled notes. ^I have attached another special letter for you. ^Please don't forget to check your mailbox. I will continue to send you untitled notes in the future, so please look forward to it. ^Best regards, ^Untitled Notes Keeper.",
        "Date": "4 fall Y1",
        "LetterBG": "SDS.letterBG.png",
        "WhichBG": 1,
        "TextColor": 8,
        "UpperRightCloseButton": null
    },
    {
        "Id": "SDS.Untitled7",
        "GroupId": "SDS.Untitled7",
        "Title": "Untitled Notes Seventh Issue",
        "Text": "^Untitled Notes Seventh Issue ^The stars are twinkling, the night is deep. ^You know, the cosmos above never really sleeps, we will become one with the night, forever dreaming. ^The sky is dark, no one saw the dawn break. ^— ^Dear Reader, ^Hello, this is your old friend, the keeper of untitled notes. ^I have attached another special letter for you. ^Please don't forget to check your mailbox. I will continue to send you untitled notes in the future, so please look forward to it. ^Best regards, ^Untitled Notes Keeper.",
        "Date": "10 fall Y1",
        "LetterBG": "SDS.letterBG.png",
        "WhichBG": 1,
        "TextColor": 8,
        "UpperRightCloseButton": null
    },
    {
        "Id": "SDS.Untitled8",
        "GroupId": "SDS.Untitled8",
        "Title": "Untitled Notes Eighth Issue",
        "Text": "^Untitled Notes Eighth Issue ^The mountains are standing, the peaks are high. ^You know, the cliffs and slopes never really fall, we will become one with the earth, forever standing tall. ^The stones are worn, no one saw the mountain's height. ^— ^Dear Reader, ^Hello, this is your old friend, the keeper of untitled notes. ^I have attached another special letter for you. ^Please don't forget to check your mailbox. I will continue to send you untitled notes in the future, so please look forward to it. ^Best regards, ^Untitled Notes Keeper.",
        "Date": "16 fall Y1",
        "LetterBG": "SDS.letterBG.png",
        "WhichBG": 1,
        "TextColor": 8,
        "UpperRightCloseButton": null
    },
    {
        "Id": "SDS.Untitled9",
        "GroupId": "SDS.Untitled9",
        "Title": "Untitled Notes Ninth Issue",
        "Text": "^Untitled Notes Ninth Issue ^The fields are fertile, the crops are grown. ^You know, the seeds we sow never really die, we will become one with the harvest, forever nourishing. ^The harvest is done, no one saw the seeds sown. ^— ^Dear Reader, ^Hello, this is your old friend, the keeper of untitled notes. ^I have attached another special letter for you. ^Please don't forget to check your mailbox. I will continue to send you untitled notes in the future, so please look forward to it. ^Best regards, ^Untitled Notes Keeper.",
        "Date": "22 fall Y1",
        "LetterBG": "SDS.letterBG.png",
        "WhichBG": 1,
        "TextColor": 8,
        "UpperRightCloseButton": null
    },
    {
        "Id": "SDS.Untitled10",
        "GroupId": "SDS.Untitled10",
        "Title": "Untitled Notes Tenth Issue",
        "Text": "^Untitled Notes Tenth Issue ^The journey is long, the path is winding. ^You know, the road we walk never really ends, we will become one with the journey, forever traveling. ^The path is lonely, no one saw the journey's end. ^— ^Dear Reader, ^Hello, this is your old friend, the keeper of untitled notes. ^I have attached another special letter for you. ^Please don't forget to check your mailbox. I will continue to send you untitled notes in the future, so please look forward to it. ^Best regards, ^Untitled Notes Keeper.",
        "Date": "28 fall Y1",
        "LetterBG": "SDS.letterBG.png",
        "WhichBG": 1,
        "TextColor": 8,
        "UpperRightCloseButton": null
    },
    {
        "Id": "SDS.Untitled11",
        "GroupId": "SDS.Untitled11",
        "Title": "Untitled Notes Eleventh Issue",
        "Text": "^Untitled Notes Eleventh Issue ^The snow is falling, the ground is white. ^You know, the winter chill never really fades, we will become one with the cold, forever embracing. ^The frost is gone, no one saw the snow melt. ^— ^Dear Reader, ^Hello, this is your old friend, the keeper of untitled notes. ^I have attached another special letter for you. ^Please don't forget to check your mailbox. I will continue to send you untitled notes in the future, so please look forward to it. ^Best regards, ^Untitled Notes Keeper.",
        "Date": "4 winter Y1",
        "LetterBG": "SDS.letterBG.png",
        "WhichBG": 1,
        "TextColor": 8,
        "UpperRightCloseButton": null
    },
    {
        "Id": "SDS.Untitled12",
        "GroupId": "SDS.Untitled12",
        "Title": "Untitled Notes Twelfth Issue",
        "Text": "^Untitled Notes Twelfth Issue ^The fireflies are dancing, the night is alive. ^You know, the lights in the dark never really fade, we will become one with the glow, forever shining. ^The light is out, no one saw the fireflies leave. ^— ^Dear Reader, ^Hello, this is your old friend, the keeper of untitled notes. ^I have attached another special letter for you. ^Please don't forget to check your mailbox. I will continue to send you untitled notes in the future, so please look forward to it. ^Best regards, ^Untitled Notes Keeper.",
        "Date": "10 winter Y1",
        "LetterBG": "SDS.letterBG.png",
        "WhichBG": 1,
        "TextColor": 8,
        "UpperRightCloseButton": null
    },
    {
        "Id": "SDS.Untitled13",
        "GroupId": "SDS.Untitled13",
        "Title": "Untitled Notes Thirteenth Issue",
        "Text": "^Untitled Notes Thirteenth Issue ^The forest is silent, the trees are still. ^You know, the whispers in the woods never really stop, we will become one with the silence, forever listening. ^The echoes are gone, no one heard the last sound. ^— ^Dear Reader, ^Hello, this is your old friend, the keeper of untitled notes. ^I have attached another special letter for you. ^Please don't forget to check your mailbox. I will continue to send you untitled notes in the future, so please look forward to it. ^Best regards, ^Untitled Notes Keeper.",
        "Date": "16 winter Y1",
        "LetterBG": "SDS.letterBG.png",
        "WhichBG": 1,
        "TextColor": 8,
        "UpperRightCloseButton": null
    },
    {
        "Id": "SDS.Untitled14",
        "GroupId": "SDS.Untitled14",
        "Title": "Untitled Notes Fourteenth Issue",
        "Text": "^Untitled Notes Fourteenth Issue ^The dawn is breaking, the sky is bright. ^You know, the morning light never really fades, we will become one with the day, forever shining. ^The light is gone, no one saw the dawn break. ^— ^Dear Reader, ^Hello, this is your old friend, the keeper of untitled notes. ^I have attached another special letter for you. ^Please don't forget to check your mailbox. I will continue to send you untitled notes in the future, so please look forward to it. ^Best regards, ^Untitled Notes Keeper.",
        "Date": "22 winter Y1",
        "LetterBG": "SDS.letterBG.png",
        "WhichBG": 1,
        "TextColor": 8,
        "UpperRightCloseButton": null
    },
    {
        "Id": "SDS.Untitled15",
        "GroupId": "SDS.Untitled15",
        "Title": "Untitled Notes Fifteenth Issue",
        "Text": "^Untitled Notes Fifteenth Issue ^The cycle continues, the seasons turn. ^You know, the wheel of time never really stops, we will become one with the flow, forever moving. ^The moment is gone, no one saw the wheel turn. ^— ^Dear Reader, ^Hello, this is your old friend, the keeper of untitled notes. ^I have attached another special letter for you. ^Please don't forget to check your mailbox. I will continue to send you untitled notes in the future, so please look forward to it. ^Best regards, ^Untitled Notes Keeper.",
        "Date": "28 winter Y1",
        "LetterBG": "SDS.letterBG.png",
        "WhichBG": 1,
        "TextColor": 8,
        "UpperRightCloseButton": null
    },
    {
        "Id": "SDS.Untitled16",
        "GroupId": "SDS.Untitled16",
        "Title": "Untitled Notes Sixteenth Issue",
        "Text": "^Untitled Notes Sixteenth Issue ^The flowers are blooming, the garden is alive. ^You know, the petals never really fade, we will become one with the blossoms, forever fragrant. ^The bloom is over, no one saw the petals fall. ^— ^Dear Reader, ^Hello, this is your old friend, the keeper of untitled notes. ^I have attached another special letter for you. ^Please don't forget to check your mailbox. I will continue to send you untitled notes in the future, so please look forward to it. ^Best regards, ^Untitled Notes Keeper.",
        "Date": "4 spring Y2",
        "LetterBG": "SDS.letterBG.png",
        "WhichBG": 1,
        "TextColor": 8,
        "UpperRightCloseButton": null
    },
    {
        "Id": "SDS.Untitled17",
        "GroupId": "SDS.Untitled17",
        "Title": "Untitled Notes Seventeenth Issue",
        "Text": "^Untitled Notes Seventeenth Issue ^The clouds are gathering, the storm is near. ^You know, the thunder never really fades, we will become one with the storm, forever roaring. ^The storm is over, no one saw the clouds part. ^— ^Dear Reader, ^Hello, this is your old friend, the keeper of untitled notes. ^I have attached another special letter for you. ^Please don't forget to check your mailbox. I will continue to send you untitled notes in the future, so please look forward to it. ^Best regards, ^Untitled Notes Keeper.",
        "Date": "10 spring Y2",
        "LetterBG": "SDS.letterBG.png",
        "WhichBG": 1,
        "TextColor": 8,
        "UpperRightCloseButton": null
    },
    {
        "Id": "SDS.Untitled18",
        "GroupId": "SDS.Untitled18",
        "Title": "Untitled Notes Eighteenth Issue",
        "Text": "^Untitled Notes Eighteenth Issue ^The sun is setting, the horizon is ablaze. ^You know, the twilight never really fades, we will become one with the dusk, forever glowing. ^The night is here, no one saw the sunset. ^— ^Dear Reader, ^Hello, this is your old friend, the keeper of untitled notes. ^I have attached another special letter for you. ^Please don't forget to check your mailbox. I will continue to send you untitled notes in the future, so please look forward to it. ^Best regards, ^Untitled Notes Keeper.",
        "Date": "16 spring Y2",
        "LetterBG": "SDS.letterBG.png",
        "WhichBG": 1,
        "TextColor": 8,
        "UpperRightCloseButton": null
    },
    {
        "Id": "SDS.Untitled19",
        "GroupId": "SDS.Untitled19",
        "Title": "Untitled Notes Nineteenth Issue",
        "Text": "^Untitled Notes Nineteenth Issue ^The waves are crashing, the sea is wild. ^You know, the ocean never really rests, we will become one with the waves, forever surging. ^The calm has come, no one saw the last wave. ^— ^Dear Reader, ^Hello, this is your old friend, the keeper of untitled notes. ^I have attached another special letter for you. ^Please don't forget to check your mailbox. I will continue to send you untitled notes in the future, so please look forward to it. ^Best regards, ^Untitled Notes Keeper.",
        "Date": "22 spring Y2",
        "LetterBG": "SDS.letterBG.png",
        "WhichBG": 1,
        "TextColor": 8,
        "UpperRightCloseButton": null
    },
    {
        "Id": "SDS.Untitled20",
        "GroupId": "SDS.Untitled20",
        "Title": "Untitled Notes Twentieth Issue",
        "Text": "^Untitled Notes Twentieth Issue ^The stars are aligning, the sky is bright. ^You know, the constellations never really fade, we will become one with the cosmos, forever shining. ^The stars are gone, no one saw the alignment end. ^— ^Dear Reader, ^Hello, this is your old friend, the keeper of untitled notes. ^I have attached another special letter for you. ^Please don't forget to check your mailbox. I will continue to send you untitled notes in the future, so please look forward to it. ^Best regards, ^Untitled Notes Keeper.",
        "Date": "28 spring Y2",
        "LetterBG": "SDS.letterBG.png",
        "WhichBG": 1,
        "TextColor": 8,
        "UpperRightCloseButton": null
    },
    {
        "Id": "SDS.Untitled21",
        "GroupId": "SDS.Untitled21",
        "Title": "Untitled Notes Twenty-First Issue",
        "Text": "^Untitled Notes Twenty-First Issue ^The leaves are turning, the forest is golden. ^You know, the autumn never really ends, we will become one with the season, forever changing. ^The colors are gone, no one saw the leaves fall. ^— ^Dear Reader, ^Hello, this is your old friend, the keeper of untitled notes. ^I have attached another special letter for you. ^Please don't forget to check your mailbox. I will continue to send you untitled notes in the future, so please look forward to it. ^Best regards, ^Untitled Notes Keeper.",
        "Date": "4 summer Y2",
        "LetterBG": "SDS.letterBG.png",
        "WhichBG": 1,
        "TextColor": 8,
        "UpperRightCloseButton": null
    },
    {
        "Id": "SDS.Untitled22",
        "GroupId": "SDS.Untitled22",
        "Title": "Untitled Notes Twenty-Second Issue",
        "Text": "^Untitled Notes Twenty-Second Issue ^The rain is falling, the earth is quenched. ^You know, the downpour never really stops, we will become one with the rain, forever nourishing. ^The rain has stopped, no one saw the last drop. ^— ^Dear Reader, ^Hello, this is your old friend, the keeper of untitled notes. ^I have attached another special letter for you. ^Please don't forget to check your mailbox. I will continue to send you untitled notes in the future, so please look forward to it. ^Best regards, ^Untitled Notes Keeper.",
        "Date": "10 summer Y2",
        "LetterBG": "SDS.letterBG.png",
        "WhichBG": 1,
        "TextColor": 8,
        "UpperRightCloseButton": null
    },
    {
        "Id": "SDS.Untitled23",
        "GroupId": "SDS.Untitled23",
        "Title": "Untitled Notes Twenty-Third Issue",
        "Text": "^Untitled Notes Twenty-Third Issue ^The wind is whispering, the air is alive. ^You know, the breeze never really ceases, we will become one with the wind, forever flowing. ^The whisper is gone, no one felt the last breeze. ^— ^Dear Reader, ^Hello, this is your old friend, the keeper of untitled notes. ^I have attached another special letter for you. ^Please don't forget to check your mailbox. I will continue to send you untitled notes in the future, so please look forward to it. ^Best regards, ^Untitled Notes Keeper.",
        "Date": "16 summer Y2",
        "LetterBG": "SDS.letterBG.png",
        "WhichBG": 1,
        "TextColor": 8,
        "UpperRightCloseButton": null
    },
    {
        "Id": "SDS.Untitled24",
        "GroupId": "SDS.Untitled24",
        "Title": "Untitled Notes Twenty-Fourth Issue",
        "Text": "^Untitled Notes Twenty-Fourth Issue ^The harvest is bountiful, the fields are full. ^You know, the abundance never really fades, we will become one with the yield, forever fruitful. ^The harvest is over, no one saw the last fruit. ^— ^Dear Reader, ^Hello, this is your old friend, the keeper of untitled notes. ^I have attached another special letter for you. ^Please don't forget to check your mailbox. I will continue to send you untitled notes in the future, so please look forward to it. ^Best regards, ^Untitled Notes Keeper.",
        "Date": "22 summer Y2",
        "LetterBG": "SDS.letterBG.png",
        "WhichBG": 1,
        "TextColor": 8,
        "UpperRightCloseButton": null
    },
    {
        "Id": "SDS.Untitled25",
        "GroupId": "SDS.Untitled25",
        "Title": "Untitled Notes Twenty-Fifth Issue",
        "Text": "^Untitled Notes Twenty-Fifth Issue ^The night is quiet, the stars are bright. ^You know, the darkness never really consumes, we will become one with the night, forever peaceful. ^The night is gone, no one saw the last star. ^— ^Dear Reader, ^Hello, this is your old friend, the keeper of untitled notes. ^I have attached another special letter for you. ^Please don't forget to check your mailbox. I will continue to send you untitled notes in the future, so please look forward to it. ^Best regards, ^Untitled Notes Keeper.",
        "Date": "28 summer Y2",
        "LetterBG": "SDS.letterBG.png",
        "WhichBG": 1,
        "TextColor": 8,
        "UpperRightCloseButton": null
    },
    {
        "Id": "SDS.Untitled26",
        "GroupId": "SDS.Untitled26",
        "Title": "Untitled Notes Twenty-Sixth Issue",
        "Text": "^Untitled Notes Twenty-Sixth Issue ^The journey is long, the road is winding. ^You know, the path never really ends, we will become one with the journey, forever exploring. ^The path is clear, no one saw the last turn. ^— ^Dear Reader, ^Hello, this is your old friend, the keeper of untitled notes. ^I have attached another special letter for you. ^Please don't forget to check your mailbox. I will continue to send you untitled notes in the future, so please look forward to it. ^Best regards, ^Untitled Notes Keeper.",
        "Date": "4 fall Y2",
        "LetterBG": "SDS.letterBG.png",
        "WhichBG": 1,
        "TextColor": 8,
        "UpperRightCloseButton": null
    },
    {
        "Id": "SDS.Untitled27",
        "GroupId": "SDS.Untitled27",
        "Title": "Untitled Notes Twenty-Seventh Issue",
        "Text": "^Untitled Notes Twenty-Seventh Issue ^The fire is warm, the hearth is glowing. ^You know, the flame never really dies, we will become one with the heat, forever burning. ^The fire is out, no one saw the last ember. ^— ^Dear Reader, ^Hello, this is your old friend, the keeper of untitled notes. ^I have attached another special letter for you. ^Please don't forget to check your mailbox. I will continue to send you untitled notes in the future, so please look forward to it. ^Best regards, ^Untitled Notes Keeper.",
        "Date": "10 fall Y2",
        "LetterBG": "SDS.letterBG.png",
        "WhichBG": 1,
        "TextColor": 8,
        "UpperRightCloseButton": null
    },
    {
        "Id": "SDS.Untitled28",
        "GroupId": "SDS.Untitled28",
        "Title": "Untitled Notes Twenty-Eighth Issue",
        "Text": "^Untitled Notes Twenty-Eighth Issue ^The mountains are high, the peaks are majestic. ^You know, the summits never really fade, we will become one with the heights, forever towering. ^The view is clear, no one saw the last peak. ^— ^Dear Reader, ^Hello, this is your old friend, the keeper of untitled notes. ^I have attached another special letter for you. ^Please don't forget to check your mailbox. I will continue to send you untitled notes in the future, so please look forward to it. ^Best regards, ^Untitled Notes Keeper.",
        "Date": "16 fall Y2",
        "LetterBG": "SDS.letterBG.png",
        "WhichBG": 1,
        "TextColor": 8,
        "UpperRightCloseButton": null
    },
    {
        "Id": "SDS.Untitled29",
        "GroupId": "SDS.Untitled29",
        "Title": "Untitled Notes Twenty-Ninth Issue",
        "Text": "^Untitled Notes Twenty-Ninth Issue ^The rivers are flowing, the water is clear. ^You know, the streams never really stop, we will become one with the current, forever running. ^The water is still, no one saw the last ripple. ^— ^Dear Reader, ^Hello, this is your old friend, the keeper of untitled notes. ^I have attached another special letter for you. ^Please don't forget to check your mailbox. I will continue to send you untitled notes in the future, so please look forward to it. ^Best regards, ^Untitled Notes Keeper.",
        "Date": "22 fall Y2",
        "LetterBG": "SDS.letterBG.png",
        "WhichBG": 1,
        "TextColor": 8,
        "UpperRightCloseButton": null
    },
    {
        "Id": "SDS.Untitled30",
        "GroupId": "SDS.Untitled30",
        "Title": "Untitled Notes Thirtieth Issue",
        "Text": "^Untitled Notes Thirtieth Issue ^The skies are vast, the horizon is endless. ^You know, the expanse never really ends, we will become one with the sky, forever boundless. ^The horizon is clear, no one saw the last light. ^— ^Dear Reader, ^Hello, this is your old friend, the keeper of untitled notes. ^I have attached another special letter for you. ^Please don't forget to check your mailbox. I will continue to send you untitled notes in the future, so please look forward to it. ^Best regards, ^Untitled Notes Keeper.",
        "Date": "28 fall Y2",
        "LetterBG": "SDS.letterBG.png",
        "WhichBG": 1,
        "TextColor": 8,
        "UpperRightCloseButton": null
    },
    {
        "Id": "SDS.Untitled31",
        "GroupId": "SDS.Untitled31",
        "Title": "Untitled Notes Thirty-First Issue",
        "Text": "^Untitled Notes Thirty-First Issue ^The frost is forming, the air is crisp. ^You know, the chill never really leaves, we will become one with the frost, forever preserved. ^The frost has melted, no one saw the first thaw. ^— ^Dear Reader, ^Hello, this is your old friend, the keeper of untitled notes. ^I have attached another special letter for you. ^Please don't forget to check your mailbox. I will continue to send you untitled notes in the future, so please look forward to it. ^Best regards, ^Untitled Notes Keeper.",
        "Date": "4 winter Y2",
        "LetterBG": "SDS.letterBG.png",
        "WhichBG": 1,
        "TextColor": 8,
        "UpperRightCloseButton": null
    },
    {
        "Id": "SDS.Untitled32",
        "GroupId": "SDS.Untitled32",
        "Title": "Untitled Notes Thirty-Second Issue",
        "Text": "^Untitled Notes Thirty-Second Issue ^The snow is falling, the world is white. ^You know, the snow never really settles, we will become one with the flakes, forever drifting. ^The snow has stopped, no one saw the last flake. ^— ^Dear Reader, ^Hello, this is your old friend, the keeper of untitled notes. ^I have attached another special letter for you. ^Please don't forget to check your mailbox. I will continue to send you untitled notes in the future, so please look forward to it. ^Best regards, ^Untitled Notes Keeper.",
        "Date": "10 winter Y2",
        "LetterBG": "SDS.letterBG.png",
        "WhichBG": 1,
        "TextColor": 8,
        "UpperRightCloseButton": null
    },
    {
        "Id": "SDS.Untitled33",
        "GroupId": "SDS.Untitled33",
        "Title": "Untitled Notes Thirty-Third Issue",
        "Text": "^Untitled Notes Thirty-Third Issue ^The firewood is crackling, the warmth is inviting. ^You know, the fire never really dies, we will become one with the flame, forever aglow. ^The warmth has faded, no one saw the last ember. ^— ^Dear Reader, ^Hello, this is your old friend, the keeper of untitled notes. ^I have attached another special letter for you. ^Please don't forget to check your mailbox. I will continue to send you untitled notes in the future, so please look forward to it. ^Best regards, ^Untitled Notes Keeper.",
        "Date": "16 winter Y2",
        "LetterBG": "SDS.letterBG.png",
        "WhichBG": 1,
        "TextColor": 8,
        "UpperRightCloseButton": null
    },
    {
        "Id": "SDS.Untitled34",
        "GroupId": "SDS.Untitled34",
        "Title": "Untitled Notes Thirty-Fourth Issue",
        "Text": "^Untitled Notes Thirty-Fourth Issue ^The year is ending, the memories remain. ^You know, the time never really stops, we will become one with the moments, forever timeless. ^The year has ended, no one saw the last second. ^— ^Dear Reader, ^Hello, this is your old friend, the keeper of untitled notes. ^I have attached another special letter for you. ^Please don't forget to check your mailbox. I will continue to send you untitled notes in the future, so please look forward to it. ^Best regards, ^Untitled Notes Keeper.",
        "Date": "22 winter Y2",
        "LetterBG": "SDS.letterBG.png",
        "WhichBG": 1,
        "TextColor": 8,
        "UpperRightCloseButton": null
    },
    {
        "Id": "SDS.Untitled35",
        "GroupId": "SDS.Untitled35",
        "Title": "Untitled Notes Thirty-Fifth Issue",
        "Text": "^Untitled Notes Thirty-Fifth Issue ^The dawn is breaking, the light is fresh. ^You know, the morning never really ends, we will become one with the dawn, forever new. ^The dawn is over, no one saw the first light. ^— ^Dear Reader, ^Hello, this is your old friend, the keeper of untitled notes. ^I have attached another special letter for you. ^Please don't forget to check your mailbox. I will continue to send you untitled notes in the future, so please look forward to it. ^Best regards, ^Untitled Notes Keeper.",
        "Date": "28 winter Y2",
        "LetterBG": "SDS.letterBG.png",
        "WhichBG": 1,
        "TextColor": 8,
        "UpperRightCloseButton": null
    },
    {
        "Id": "SDS.Untitled36",
        "GroupId": "SDS.Untitled36",
        "Title": "Untitled Notes Thirty-Sixth Issue",
        "Text": "^Untitled Notes Thirty-Sixth Issue ^The sun is shining, the day is bright. ^You know, the daylight never really fades, we will become one with the sun, forever radiant. ^The day is done, no one saw the last ray. ^— ^Dear Reader, ^Hello, this is your old friend, the keeper of untitled notes. ^I have attached another special letter for you. ^Please don't forget to check your mailbox. I will continue to send you untitled notes in the future, so please look forward to it. ^Best regards, ^Untitled Notes Keeper.",
        "Date": "4 spring Y3",
        "LetterBG": "SDS.letterBG.png",
        "WhichBG": 1,
        "TextColor": 8,
        "UpperRightCloseButton": null
    },
    {
        "Id": "SDS.Untitled37",
        "GroupId": "SDS.Untitled37",
        "Title": "Untitled Notes Thirty-Seventh Issue",
        "Text": "^Untitled Notes Thirty-Seventh Issue ^The flowers are blooming, the garden is vivid. ^You know, the blossoms never really wilt, we will become one with the petals, forever vibrant. ^The bloom has faded, no one saw the last petal fall. ^— ^Dear Reader, ^Hello, this is your old friend, the keeper of untitled notes. ^I have attached another special letter for you. ^Please don't forget to check your mailbox. I will continue to send you untitled notes in the future, so please look forward to it. ^Best regards, ^Untitled Notes Keeper.",
        "Date": "10 spring Y3",
        "LetterBG": "SDS.letterBG.png",
        "WhichBG": 1,
        "TextColor": 8,
        "UpperRightCloseButton": null
    }
]