{
  "Format": "1.23.0",
  "Changes": [
    {
      "Action": "EditData",
      "Target": "Data/ObjectInformation",
      "Entries": {
        "(O)SDS_Chocolatepulp": "Chocolate Pulp/210/-300/Cooking -7/Chocolate Pulp/Use to make chocolate.",
        "(O)SDS_chocolate": "Chocolate/400/-300/Cooking -7/Chocolate/Use to make sweet treats.",
        "(O)SDS_Lovechocolate": "Love Chocolate/600/-300/Cooking -7/Love Chocolate/Use to make romantic treats.",
        "(O)SDS_LoveCrisp": "Love Crisp/600/-300/Cooking -7/Love Crisp/A sweet and crisp treat.",
        "SDS_UnhappyDogCookies": "Unhappy Dog Cookies/600/-300/Cooking -7/Unhappy Dog Cookies/A cookie for a sad dog.",
        "SDS_StrawberryLoveCrisp": "Strawberry Love Crisp/620/-300/Cooking -7/Strawberry Love Crisp/A sweet strawberry treat.",
        "SDS_Strawberrymacaron": "Strawberry Macaron/620/-300/Cooking -7/Strawberry Macaron/A sweet macaron treat.",
        "SDS_StrawberryBunnyCake": "Strawberry Bunny Cake/620/-300/Cooking -7/Strawberry Bunny Cake/A bunny-shaped cake.",
        "SDS_EggYolkCrisp": "Egg Yolk Crisp/400/-300/Cooking -7/Egg Yolk Crisp/A savory egg yolk treat.",
        "SDS_HappyKittyCookies": "Happy Kitty Cookies/600/-300/Cooking -7/Happy Kitty Cookies/A cookie for a happy kitty.",
        "SDS_HappyDogCookies": "Happy Dog Cookies/400/-300/Cooking -7/Happy Dog Cookies/A cookie for a happy dog.",
        "SDS_BlueberryBlackForestCake": "Blueberry Black Forest Cake/650/-300/Cooking -7/Blueberry Black Forest Cake/A rich blueberry cake.",
        "SDS_Rhombicbiscuit": "Rhombic Biscuit/800/-300/Cooking -7/Rhombic Biscuit/A fancy biscuit.",
        "SDS_VanillaOrangeCake": "Vanilla Orange Cake/800/-300/Cooking -7/Vanilla Orange Cake/A sweet vanilla and orange cake.",
        "SDS_Glutinousricecake": "Glutinous Rice Cake/800/-300/Cooking -7/Glutinous Rice Cake/A sticky rice cake.",
        "SDS_WinterStarCake": "Winter Star Cake/800/-300/Cooking -7/Winter Star Cake/A festive cake.",
        "SDS_HiganbanaJam": "Higanbana Jam/0/-300/Cooking -7/Higanbana Jam/A special kind of jam.",
        "SDS_FragransJam": "Fragrans Jam/0/-300/Cooking -7/Fragrans Jam/A special kind of jam.",
        "SDS_StramoniumJam": "Stramonium Jam/0/-300/Cooking -7/Stramonium Jam/A special kind of jam.",
        "SDS_RugosaroseJam": "Rugosa Rose Jam/0/-300/Cooking -7/Rugosa Rose Jam/A special kind of jam.",
        "SDS_TreepeonyJam": "Tree Peony Jam/0/-300/Cooking -7/Tree Peony Jam/A special kind of jam.",
        "SDS_CreamstrawberryJam": "Cream Strawberry Jam/0/-300/Cooking -7/Cream Strawberry Jam/A special kind of jam.",
        "SDS_MangosteenJam": "Mangosteen Jam/0/-300/Cooking -7/Mangosteen Jam/A special kind of jam.",
        "SDS_ChineseherbaceouspeonyJam": "Chinese Herbaceous Peony Jam/0/-300/Cooking -7/Chinese Herbaceous Peony Jam/A special kind of jam.",
        "SDS_lavenderJam": "Lavender Jam/0/-300/Cooking -7/Lavender Jam/A special kind of jam.",
        "SDS_NightwillowherbJam": "Night Willow Herb Jam/0/-300/Cooking -7/Night Willow Herb Jam/A special kind of jam.",
        "SDS_BlueflashbutterflyJam": "Blue Flash Butterfly Jam/0/-300/Cooking -7/Blue Flash Butterfly Jam/A special kind of jam.",
        "SDS_PinenutJam": "Pine Nut Jam/0/-300/Cooking -7/Pine Nut Jam/A special kind of jam.",
        "SDS_GhostflowerJam": "Ghost Flower Jam/0/-300/Cooking -7/Ghost Flower Jam/A special kind of jam.",
        "SDS_NightshadefruitJam": "Nightshade Fruit Jam/0/-300/Cooking -7/Nightshade Fruit Jam/A special kind of jam.",
        "SDS_geoberryJam": "Geo Berry Jam/0/-300/Cooking -7/Geo Berry Jam/A special kind of jam.",
        "SDS_lemonJam": "Lemon Jam/0/-300/Cooking -7/Lemon Jam/A special kind of jam.",
        "SDS_LanternfruitJam": "Lantern Fruit Jam/0/-300/Cooking -7/Lantern Fruit Jam/A special kind of jam.",
        "SDS_gynocarpJam": "Gynocarp Jam/0/-300/Cooking -7/Gynocarp Jam/A special kind of jam.",
        "SDS_AstralfruitJam": "Astral Fruit Jam/0/-300/Cooking -7/Astral Fruit Jam/A special kind of jam.",
        "SDS_HiganbanaDried": "Higanbana Dried/0/-300/Cooking -7/Higanbana Dried/Dried Higanbana.",
        "SDS_FragransDried": "Fragrans Dried/0/-300/Cooking -7/Fragrans Dried/Dried Fragrans.",
        "SDS_StramoniumDried": "Stramonium Dried/0/-300/Cooking -7/Stramonium Dried/Dried Stramonium.",
        "SDS_RugosaroseDried": "Rugosa Rose Dried/0/-300/Cooking -7/Rugosa Rose Dried/Dried Rugosa Rose.",
        "SDS_TreepeonyDried": "Tree Peony Dried/0/-300/Cooking -7/Tree Peony Dried/Dried Tree Peony.",
        "SDS_ChineseherbaceouspeonyDried": "Chinese Herbaceous Peony Dried/0/-300/Cooking -7/Chinese Herbaceous Peony Dried/Dried Chinese Herbaceous Peony.",
        "SDS_lavenderDried": "Lavender Dried/0/-300/Cooking -7/Lavender Dried/Dried Lavender.",
        "SDS_NightwillowherbDried": "Night Willow Herb Dried/0/-300/Cooking -7/Night Willow Herb Dried/Dried Night Willow Herb.",
        "SDS_BlueflashbutterflyDried": "Blue Flash Butterfly Dried/0/-300/Cooking -7/Blue Flash Butterfly Dried/Dried Blue Flash Butterfly.",
        "SDS_GhostflowerDried": "Ghost Flower Dried/0/-300/Cooking -7/Ghost Flower Dried/Dried Ghost Flower.",
        "SDS_HiganbanaPerfume": "Higanbana Perfume/0/-300/Cooking -7/Higanbana Perfume/A perfume made from Higanbana.",
        "SDS_FragransPerfume": "Fragrans Perfume/0/-300/Cooking -7/Fragrans Perfume/A perfume made from Fragrans.",
        "SDS_StramoniumPerfume": "Stramonium Perfume/0/-300/Cooking -7/Stramonium Perfume/A perfume made from Stramonium.",
        "SDS_RugosarosePerfume": "Rugosa Rose Perfume/0/-300/Cooking -7/Rugosa Rose Perfume/A perfume made from Rugosa Rose.",
        "SDS_TreepeonyPerfume": "Tree Peony Perfume/0/-300/Cooking -7/Tree Peony Perfume/A perfume made from Tree Peony.",
        "SDS_ChineseherbaceouspeonyPerfume": "Chinese Herbaceous Peony Perfume/0/-300/Cooking -7/Chinese Herbaceous Peony Perfume/A perfume made from Chinese Herbaceous Peony.",
        "SDS_lavenderPerfume": "Lavender Perfume/0/-300/Cooking -7/Lavender Perfume/A perfume made from Lavender.",
        "SDS_NightwillowherbPerfume": "Night Willow Herb Perfume/0/-300/Cooking -7/Night Willow Herb Perfume/A perfume made from Night Willow Herb.",
        "SDS_BlueflashbutterflyPerfume": "Blue Flash Butterfly Perfume/0/-300/Cooking -7/Blue Flash Butterfly Perfume/A perfume made from Blue Flash Butterfly.",
        "SDS_GhostflowerPerfume": "Ghost Flower Perfume/0/-300/Cooking -7/Ghost Flower Perfume/A perfume made from Ghost Flower.",
        "SDS_citroniteingot": "Citronite Ingot/0/-300/Crafting -7/Citronite Ingot/A refined ingot of Citronite.",
        "SDS_Obsidianingot": "Obsidian Ingot/0/-300/Crafting -7/Obsidian Ingot/A refined ingot of Obsidian.",
        "SDS_Fluoriteingot": "Fluorite Ingot/0/-300/Crafting -7/Fluorite Ingot/A refined ingot of Fluorite."
      }
    },
    {
      "Action": "EditData",
      "Target": "Data/CraftingRecipes",
      "Entries": {
        "SDS_ChocolatepulpRecipe": "SDS_Cocoabean 1/(O)SDS_Chocolatepulp/1/false/None",
        "SDS_chocolateRecipe": "SDS_Chocolatepulp 1 245 1/(O)SDS_chocolate/1/false/None",
        "SDS_LovechocolateRecipe": "SDS_LovechocolateRecipe 1 400 1/(O)SDS_Lovechocolate/1/false/None",
        "SDS_LoveCrispRecipe": "SDS_LoveCrispRecipe 1 246 1 SDS_Butter 1/(O)SDS_LoveCrisp/1/false/None",
        "SDS_UnhappyDogCookiesRecipe": "SDS_UnhappyDogCookiesRecipe 1 246 1 245 1/(O)SDS_UnhappyDogCookies/1/false/None",
        "SDS_StrawberryLoveCrispRecipe": "SDS_StrawberryLoveCrispRecipe 1 400 1 246 1/(O)SDS_StrawberryLoveCrisp/1/false/None",
        "SDS_StrawberrymacaronRecipe": "SDS_StrawberrymacaronRecipe 1 400 1 -5 1/(O)SDS_Strawberrymacaron/1/false/None",
        "SDS_StrawberryBunnyCakeRecipe": "SDS_StrawberryBunnyCakeRecipe 1 400 2 -5 1 246 1/(O)SDS_StrawberryBunnyCake/1/false/None",
        "SDS_EggYolkCrispRecipe": "SDS_EggYolkCrispRecipe 1 245 1 -5 1 246 1/(O)SDS_EggYolkCrisp/1/false/None",
        "SDS_HappyKittyCookiesRecipe": "SDS_HappyKittyCookiesRecipe 1 258 3 246 1/(O)SDS_HappyKittyCookies/1/false/None",
        "SDS_HappyDogCookiesRecipe": "SDS_HappyDogCookiesRecipe 1 306 1 246 1/(O)SDS_HappyDogCookies/1/false/None",
        "SDS_BlueberryBlackForestCakeRecipe": "SDS_BlueberryBlackForestCakeRecipe 1 258 3 246 1 -5 1/(O)SDS_BlueberryBlackForestCake/1/false/None",
        "SDS_RhombicbiscuitRecipe": "SDS_RhombicbiscuitRecipe 1 245 3 246 1/(O)SDS_Rhombicbiscuit/1/false/None",
        "SDS_VanillaOrangeCakeRecipe": "SDS_VanillaOrangeCakeRecipe 1 635 3 246 1/(O)SDS_VanillaOrangeCake/1/false/None",
        "SDS_GlutinousricecakeRecipe": "SDS_GlutinousricecakeRecipe 1 815 1 245 1/(O)SDS_Glutinousricecake/1/false/None",
        "SDS_WinterStarCakeRecipe": "SDS_WinterStarCakeRecipe 1 -6 1 -5 1/(O)SDS_WinterStarCake/1/false/None",
        "SDS_HiganbanaJamRecipe": "SDS_Higanbana 1 382 1/SDS_HiganbanaJam/1/false/None",
        "SDS_FragransJamRecipe": "SDS_Fragrans 1 382 1/SDS_FragransJam/1/false/None",
        "SDS_StramoniumJamRecipe": "SDS_Stramonium 1 382 1/SDS_StramoniumJam/1/false/None",
        "SDS_RugosaroseJamRecipe": "SDS_Rugosarose 1 382 1/SDS_RugosaroseJam/1/false/None",
        "SDS_TreepeonyJamRecipe": "SDS_Treepeony 1 382 1/SDS_TreepeonyJam/1/false/None",
        "SDS_CreamstrawberryJamRecipe": "SDS_Creamstrawberry 1 382 1/SDS_CreamstrawberryJam/1/false/None",
        "SDS_MangosteenJamRecipe": "SDS_Mangosteen 1 382 1/SDS_MangosteenJam/1/false/None",
        "SDS_ChineseherbaceouspeonyJamRecipe": "SDS_Chineseherbaceouspeony 1 382 1/SDS_ChineseherbaceouspeonyJam/1/false/None",
        "SDS_lavenderJamRecipe": "SDS_lavender 1 382 1/SDS_lavenderJam/1/false/None",
        "SDS_NightwillowherbJamRecipe": "SDS_Nightwillowherb 1 382 1/SDS_NightwillowherbJam/1/false/None",
        "SDS_BlueflashbutterflyJamRecipe": "SDS_Blueflashbutterfly 1 382 1/SDS_BlueflashbutterflyJam/1/false/None",
        "SDS_PinenutJamRecipe": "SDS_Pinenut 1 382 1/SDS_PinenutJam/1/false/None",
        "SDS_GhostflowerJamRecipe": "SDS_Ghostflower 1 382 1/SDS_GhostflowerJam/1/false/None",
        "SDS_NightshadefruitJamRecipe": "SDS_Nightshadefruit 1 382 1/SDS_NightshadefruitJam/1/false/None",
        "SDS_geoberryJamRecipe": "SDS_geoberry 1 382 1/SDS_geoberryJam/1/false/None",
        "SDS_lemonJamRecipe": "SDS_lemon 1 382 1/SDS_lemonJam/1/false/None",
        "SDS_LanternfruitJamRecipe": "SDS_Lanternfruit 1 382 1/SDS_LanternfruitJam/1/false/None",
        "SDS_gynocarpJamRecipe": "SDS_gynocarp 1 382 1/SDS_gynocarpJam/1/false/None",
        "SDS_AstralfruitJamRecipe": "SDS_Astralfruit 1 382 1/SDS_AstralfruitJam/1/false/None",
        "SDS_HiganbanaDriedRecipe": "SDS_Higanbana 1 382 1/SDS_HiganbanaDried/1/false/None",
        "SDS_FragransDriedRecipe": "SDS_Fragrans 1 382 1/SDS_FragransDried/1/false/None",
        "SDS_StramoniumDriedRecipe": "SDS_Stramonium 1 382 1/SDS_StramoniumDried/1/false/None",
        "SDS_RugosaroseDriedRecipe": "SDS_Rugosarose 1 382 1/SDS_RugosaroseDried/1/false/None",
        "SDS_TreepeonyDriedRecipe": "SDS_Treepeony 1 382 1/SDS_TreepeonyDried/1/false/None",
        "SDS_ChineseherbaceouspeonyDriedRecipe": "SDS_Chineseherbaceouspeony 1 382 1/SDS_ChineseherbaceouspeonyDried/1/false/None",
        "SDS_lavenderDriedRecipe": "SDS_lavender 1 382 1/SDS_lavenderDried/1/false/None",
        "SDS_NightwillowherbDriedRecipe": "SDS_Nightwillowherb 1 382 1/SDS_NightwillowherbDried/1/false/None",
        "SDS_BlueflashbutterflyDriedRecipe": "SDS_Blueflashbutterfly 1 382 1/SDS_BlueflashbutterflyDried/1/false/None",
        "SDS_GhostflowerDriedRecipe": "SDS_Ghostflower 1 382 1/SDS_GhostflowerDried/1/false/None",
        "SDS_HiganbanaPerfumeRecipe": "SDS_Higanbana 1 245 1/SDS_HiganbanaPerfume/1/false/None",
        "SDS_FragransPerfumeRecipe": "SDS_Fragrans 1 245 1/SDS_FragransPerfume/1/false/None",
        "SDS_StramoniumPerfumeRecipe": "SDS_Stramonium 1 245 1/SDS_StramoniumPerfume/1/false/None",
        "SDS_RugosarosePerfumeRecipe": "SDS_Rugosarose 1 245 1/SDS_RugosarosePerfume/1/false/None",
        "SDS_TreepeonyPerfumeRecipe": "SDS_Treepeony 1 245 1/SDS_TreepeonyPerfume/1/false/None",
        "SDS_ChineseherbaceouspeonyPerfumeRecipe": "SDS_Chineseherbaceouspeony 1 245 1/SDS_ChineseherbaceouspeonyPerfume/1/false/None",
        "SDS_lavenderPerfumeRecipe": "SDS_lavender 1 245 1/SDS_lavenderPerfume/1/false/None",
        "SDS_NightwillowherbPerfumeRecipe": "SDS_Nightwillowherb 1 245 1/SDS_NightwillowherbPerfume/1/false/None",
        "SDS_BlueflashbutterflyPerfumeRecipe": "SDS_Blueflashbutterfly 1 245 1/SDS_BlueflashbutterflyPerfume/1/false/None",
        "SDS_GhostflowerPerfumeRecipe": "SDS_Ghostflower 1 245 1/SDS_GhostflowerPerfume/1/false/None",
        "SDS_citroniteingotRecipe": "SDS_citroniteore 1 334 1/SDS_citroniteingot/1/false/None",
        "SDS_ObsidianingotRecipe": "SDS_Obsidianore 1 334 1/SDS_Obsidianingot/1/false/None",
        "SDS_FluoriteingotRecipe": "SDS_Fluoriteore 1 334 1/SDS_Fluoriteingot/1/false/None"
      }
    }
  ]
}